"id","customer_name","order_date","created_at","created_by","status","assigned_to"
"1","Moaiz","2026-04-25 01:05:12","2026-04-25 01:05:12","MoaizAfridi","pending","chef"
"2","A","2026-05-18 21:30:51","2026-05-18 21:30:51","MoaizAfridi","pending","chef"
"3","B","2026-05-18 21:31:47","2026-05-18 21:31:47","MoaizAfridi","pending","chef"
"4","C","2026-05-18 21:32:21","2026-05-18 21:32:21","MoaizAfridi","pending","chef"
"5","D","2026-05-18 21:32:57","2026-05-18 21:32:57","MoaizAfridi","pending","chef"
"6","E","2026-05-18 21:33:54","2026-05-18 21:33:54","MoaizAfridi","pending","chef"
"7","f","2026-05-18 21:34:39","2026-05-18 21:34:39","MoaizAfridi","pending","chef"
"8","g","2026-05-18 21:35:25","2026-05-18 21:35:25","MoaizAfridi","pending","chef"
"9","H","2026-05-18 21:35:57","2026-05-18 21:35:57","MoaizAfridi","pending","chef"
"10","I","2026-05-18 21:36:34","2026-05-18 21:36:34","MoaizAfridi","pending","chef"
"11","j","2026-05-18 21:37:48","2026-05-18 21:37:48","MoaizAfridi","pending","chef"
"12","K","2026-05-18 21:42:18","2026-05-18 21:42:18","MoaizAfridi","pending","chef"
"13","L","2026-05-18 21:42:49","2026-05-18 21:42:49","MoaizAfridi","pending","chef"
"14","m","2026-05-18 21:43:23","2026-05-18 21:43:23","MoaizAfridi","pending","chef"
"15","N","2026-05-18 21:43:54","2026-05-18 21:43:54","MoaizAfridi","pending","chef"
"16","O","2026-05-18 21:44:44","2026-05-18 21:44:44","MoaizAfridi","pending","chef"
"17","P","2026-05-18 21:45:26","2026-05-18 21:45:26","MoaizAfridi","pending","chef"
"18","K","2026-05-18 21:46:01","2026-05-18 21:46:01","MoaizAfridi","done","chef"
"19","Q","2026-05-18 21:46:38","2026-05-18 21:46:38","MoaizAfridi","pending","chef"
"20","R","2026-05-18 21:47:17","2026-05-18 21:47:17","MoaizAfridi","pending","chef"
"21","S","2026-05-18 21:47:50","2026-05-18 21:47:50","MoaizAfridi","done","chef"
"22","S","2026-05-18 21:48:04","2026-05-18 21:48:04","MoaizAfridi","pending","chef"
"23","Q","2026-05-18 21:48:20","2026-05-18 21:48:20","MoaizAfridi","done","chef"
